{
  "GET Buyer Seller - Order" : {
    "transaction" : "GET Buyer Seller - Order",
    "sampleCount" : 5,
    "errorCount" : 0,
    "errorPct" : 0.0,
    "meanResTime" : 245.2,
    "medianResTime" : 245.0,
    "minResTime" : 238.0,
    "maxResTime" : 252.0,
    "pct1ResTime" : 252.0,
    "pct2ResTime" : 252.0,
    "pct3ResTime" : 252.0,
    "throughput" : 0.00932667036002813,
    "receivedKBytesPerSec" : 0.002513829120476332,
    "sentKBytesPerSec" : 0.004750772714639328
  },
  "GET Buyer - Order ID" : {
    "transaction" : "GET Buyer - Order ID",
    "sampleCount" : 8,
    "errorCount" : 0,
    "errorPct" : 0.0,
    "meanResTime" : 243.75,
    "medianResTime" : 246.0,
    "minResTime" : 235.0,
    "maxResTime" : 252.0,
    "pct1ResTime" : 252.0,
    "pct2ResTime" : 252.0,
    "pct3ResTime" : 252.0,
    "throughput" : 0.005410373444264024,
    "receivedKBytesPerSec" : 0.0014675109610784497,
    "sentKBytesPerSec" : 0.002468747062336294
  },
  "PUT Buyer - Order ID" : {
    "transaction" : "PUT Buyer - Order ID",
    "sampleCount" : 8,
    "errorCount" : 8,
    "errorPct" : 100.0,
    "meanResTime" : 242.75,
    "medianResTime" : 243.0,
    "minResTime" : 236.0,
    "maxResTime" : 251.0,
    "pct1ResTime" : 251.0,
    "pct2ResTime" : 251.0,
    "pct3ResTime" : 251.0,
    "throughput" : 0.0054103624672334925,
    "receivedKBytesPerSec" : 0.0017779169631094436,
    "sentKBytesPerSec" : 0.002186732193482677
  },
  "GET Buyer - Order" : {
    "transaction" : "GET Buyer - Order",
    "sampleCount" : 3,
    "errorCount" : 0,
    "errorPct" : 0.0,
    "meanResTime" : 246.66666666666666,
    "medianResTime" : 247.0,
    "minResTime" : 244.0,
    "maxResTime" : 249.0,
    "pct1ResTime" : 249.0,
    "pct2ResTime" : 249.0,
    "pct3ResTime" : 249.0,
    "throughput" : 0.00917372278844478,
    "receivedKBytesPerSec" : 0.0024726049703230066,
    "sentKBytesPerSec" : 0.004658531103507114
  },
  "Total" : {
    "transaction" : "Total",
    "sampleCount" : 33,
    "errorCount" : 17,
    "errorPct" : 51.515152,
    "meanResTime" : 815.121212121212,
    "medianResTime" : 247.0,
    "minResTime" : 235.0,
    "maxResTime" : 3188.0,
    "pct1ResTime" : 2274.8,
    "pct2ResTime" : 2565.6999999999975,
    "pct3ResTime" : 3188.0,
    "throughput" : 0.02226244453784177,
    "receivedKBytesPerSec" : 0.00644116714744552,
    "sentKBytesPerSec" : 0.1941560281977472
  },
  "POST Buyer - Order" : {
    "transaction" : "POST Buyer - Order",
    "sampleCount" : 9,
    "errorCount" : 9,
    "errorPct" : 100.0,
    "meanResTime" : 2337.8888888888887,
    "medianResTime" : 2240.0,
    "minResTime" : 2146.0,
    "maxResTime" : 3188.0,
    "pct1ResTime" : 3188.0,
    "pct2ResTime" : 3188.0,
    "pct3ResTime" : 3188.0,
    "throughput" : 0.006074591939286478,
    "receivedKBytesPerSec" : 0.0017500045137592882,
    "sentKBytesPerSec" : 0.18685895653865703
  }
}